"telepules","tipus","kisterseg","megye","regio","id","iskola_neve","Iskola_tipus","utca"
"Albertirsa","nem_hatranyos _besorolasu","Ceglédi","Pest","Közép-magyarország",31300141,"Alberti Evangélikus Egyházközség","egyházi jogi személy","Pesti utca 106."
"Albertirsa","nem_hatranyos _besorolasu","Ceglédi","Pest","Közép-magyarország",10066040,"Irsai Evangélikus Egyházközség","egyházi jogi személy","Luther utca 3."
"Alsóörs","nem_hatranyos _besorolasu","Balatonalmádi","Veszprém","Közép-Dunántúl",39011524,"Alsóörs-Lovasi Református Társegyházközség","egyházi jogi személy","Templom utca 14."
"Bakonycsernye","nem_hatranyos _besorolasu","Móri","Fejér","Közép-Dunántúl",12141040,"Bakonycsernyei Evangélikus Egyházközség","egyházi jogi személy","Dózsa utca 1."
"Baktalórántháza","LHHK","Baktalórántházai","Szabolcs-Szatmár-Bereg","Észak-Alföld",39011757,"Baktalórántházi Református Egyházközség","egyházi jogi személy","Jókai utca 5"
"Balatonboglár","nem_hatranyos _besorolasu","Fonyódi","Somogy","Dél-Dunántúl",39012238,"Balatonboglári Evangélikus Egyházközség","egyházi jogi személy","Hétház utca 17."
"Balatonfüred","nem_hatranyos _besorolasu","Balatonfüredi","Veszprém","Közép-Dunántúl",39011526,"Balatonfüredi Református Egyházközség","egyházi jogi személy","Óvoda utca 1."
"Balmazújváros","LHH","Balmazújvárosi","Hajdú-Bihar","Észak-Alföld",39011386,"Balmazújvárosi Református Egyházközség","egyházi jogi személy","Kossuth tér 12."
"Biatorbágy","nem_hatranyos _besorolasu","Budaörsi","Pest","Közép-magyarország",39011551,"Biai Református Egyházközség","egyházi jogi személy","Nagy utca 28."
"Biharkeresztes","LHHK","Berettyóújfalui","Hajdú-Bihar","Észak-Alföld",11572040,"Biharkeresztesi Református Egyházközség","egyházi jogi személy","Damjanich utca 3."
"Bodrog","HH","Kaposvári","Somogy","Dél-Dunántúl",39011094,"""""Jó az Úr"""" Bodrogi Baptista Gyülekezet","egyházi jogi személy","Kossuth L. utca 157."
"Budapest","nem_hatranyos _besorolasu","Budapest","Budapest","Közép-magyarország",39010388,"A Tan Kapuja Buddhista Egyház","egyházi jogi személy","Börzsöny utca 11."
"Budapest","nem_hatranyos _besorolasu","Budapest","Budapest","Közép-magyarország",39012048,"Babolygó Nevelési Központ","egyházi jogi személy","Tamási Áron utca 41"
"Budapest","nem_hatranyos _besorolasu","Budapest","Budapest","Közép-magyarország",39011472,"Baptista Szeretetszolgálat Egyházi Jogi Személy","egyházi jogi személy","Budafoki út 34/b"
"Budapest","nem_hatranyos _besorolasu","Budapest","Budapest","Közép-magyarország",10544040,"Boldogasszony Iskolanővérek","egyházi jogi személy","Knézich utca 5-7."
"Budapest","nem_hatranyos _besorolasu","Budapest","Budapest","Közép-magyarország",39010416,"Budapest Fasori Református Egyházközség","egyházi jogi személy","Városligeti fasor 5."
"Budapest","nem_hatranyos _besorolasu","Budapest","Budapest","Közép-magyarország",11690040,"Budapest-Budafoki Református Egyházközség","egyházi jogi személy","Demjén István utca 2."
"Budapest","nem_hatranyos _besorolasu","Budapest","Budapest","Közép-magyarország",39000878,"Budapest-Északi Református Egyházmegye","egyházi jogi személy","Kálvin tér 8"
"Budapest","nem_hatranyos _besorolasu","Budapest","Budapest","Közép-magyarország",39012224,"Budapesti Oktatási Centrum","egyházi jogi személy","Százados út 8-10."
"Budapest","nem_hatranyos _besorolasu","Budapest","Budapest","Közép-magyarország",30100140,"Budapesti Zsidó Hitközség","egyházi jogi személy","Síp utca 12."
"Budapest","nem_hatranyos _besorolasu","Budapest","Budapest","Közép-magyarország",39000723,"Budapest-Kelenföldi Református Egyházközség","egyházi jogi személy","Október 23. utca 5"
"Budapest","nem_hatranyos _besorolasu","Budapest","Budapest","Közép-magyarország",39012050,"Budapest-Kispest-Központi Református Egyházközség","egyházi jogi személy","Templom tér 19"
"Budapest","nem_hatranyos _besorolasu","Budapest","Budapest","Közép-magyarország",39010115,"Budapest-Pestszentimrei Református Egyházközség","egyházi jogi személy","Rákóczi utca 81."
"Budapest","nem_hatranyos _besorolasu","Budapest","Budapest","Közép-magyarország",30100226,"Budapest-Rákoscsabai Református Egyházközség","egyházi jogi személy","Rákoscsaba utca 2."
"Budapest","nem_hatranyos _besorolasu","Budapest","Budapest","Közép-magyarország",11463040,"Congregatio Jesu (Angolkisasszonyok Szerzetesrend)","egyházi jogi személy","Váci utca 47."
"Budapest","nem_hatranyos _besorolasu","Budapest","Budapest","Közép-magyarország",39010743,"EMIH Egységes Magyarországi Izraelita Hitközség","egyházi jogi személy","Károly körút 20."
"Budapest","nem_hatranyos _besorolasu","Budapest","Budapest","Közép-magyarország",11018040,"Esztergom-Budapesti Főegyházmegye Katolikus Iskolai Főhatósága (EKIF)","egyházi jogi személy","Kórház utca 37"
"Budapest","nem_hatranyos _besorolasu","Budapest","Budapest","Közép-magyarország",11857040,"Hit Gyülekezete","egyházi jogi személy","Gyömrői út 69."
"Budapest","nem_hatranyos _besorolasu","Budapest","Budapest","Közép-magyarország",10103040,"Isteni Megváltóról Nevezett Nővérek Kongregációja - Magyar Tartomány","egyházi jogi személy","Horánszky utca 17."
"Budapest","nem_hatranyos _besorolasu","Budapest","Budapest","Közép-magyarország",39011136,"Jézus Isteni Szívéről Nevezett Karmelita Nővérek","egyházi jogi személy","Fóti út 35/b"
"Budapest","nem_hatranyos _besorolasu","Budapest","Budapest","Közép-magyarország",10117040,"Jézus Társasága Magyarországi Rendtartománya","egyházi jogi személy","Horánszky utca 20."
"Budapest","nem_hatranyos _besorolasu","Budapest","Budapest","Közép-magyarország",11834040,"Kispest Rózsatéri Református Egyházközség","egyházi jogi személy","Jáhn F. utca 107."
"Budapest","nem_hatranyos _besorolasu","Budapest","Budapest","Közép-magyarország",39010951,"Kolping Oktatási és Szociális Intézményfenntartó Szervezet","egyházi jogi személy","Huba utca 6."
"Budapest","nem_hatranyos _besorolasu","Budapest","Budapest","Közép-magyarország",39011268,"Konstantinápolyi Egyetemes Patriarchátus Magyarországi Orthodox Exarchátus","egyházi jogi személy","Toldy F. utca 60."
"Budapest","nem_hatranyos _besorolasu","Budapest","Budapest","Közép-magyarország",39010065,"Krisztus Légiója Kongregáció","egyházi jogi személy","Kamaraerdei út 16/k"
"Budapest","nem_hatranyos _besorolasu","Budapest","Budapest","Közép-magyarország",10134040,"Magyar Katolikus Püspöki Konferencia","egyházi jogi személy","Városligeti fasor 45."
"Budapest","nem_hatranyos _besorolasu","Budapest","Budapest","Közép-magyarország",39011452,"Magyar Pünkösdi Egyház","egyházi jogi személy","Gizella út 37."
"Budapest","nem_hatranyos _besorolasu","Budapest","Budapest","Közép-magyarország",11127040,"Magyarok Nagyasszonya Ferences Rendtartomány","egyházi jogi személy","Margit körút 23."
"Budapest","nem_hatranyos _besorolasu","Budapest","Budapest","Közép-magyarország",10510040,"Magyarországi Autonóm Orthodox Izraelita Hitközség","egyházi jogi személy","Dob utca 35"
"Budapest","nem_hatranyos _besorolasu","Budapest","Budapest","Közép-magyarország",39010997,"Magyarországi Baptista Egyház","egyházi jogi személy","Benczúr utca 31."
"Budapest","nem_hatranyos _besorolasu","Budapest","Budapest","Közép-magyarország",11926040,"Magyarországi Evangélikus Egyház","egyházi jogi személy","Üllői út 24."
"Budapest","nem_hatranyos _besorolasu","Budapest","Budapest","Közép-magyarország",39010413,"Magyarországi Evangéliumi Testvérközösség","vallási tevékenységet végző szervezet","Dankó utca 11"
"Budapest","nem_hatranyos _besorolasu","Budapest","Budapest","Közép-magyarország",39011936,"Magyarországi Metodista Egyház","egyházi jogi személy","Kiscelli utca 73."
"Budapest","nem_hatranyos _besorolasu","Budapest","Budapest","Közép-magyarország",11211040,"Magyarországi Református Egyház","egyházi jogi személy","Abonyi utca 21."
"Budapest","nem_hatranyos _besorolasu","Budapest","Budapest","Közép-magyarország",11466040,"Magyarországi Református Egyház Dunamelléki Egyházkerület","egyházi jogi személy","Ráday utca 28."
"Budapest","nem_hatranyos _besorolasu","Budapest","Budapest","Közép-magyarország",38123454,"Miasszonyunkról Nevezett Kalocsai Iskolanővérek Társulata","egyházi jogi személy","Mária utca 20."
"Budapest","nem_hatranyos _besorolasu","Budapest","Budapest","Közép-magyarország",39000590,"Misszióstársaság (Lazaristák)","egyházi jogi személy","Ménesi utca 26."
"Budapest","nem_hatranyos _besorolasu","Budapest","Budapest","Közép-magyarország",39000122,"Pesti Evangélikus Egyház Deák Téri Egyházközség","egyházi jogi személy","Deák Ferenc tér 4"
"Budapest","nem_hatranyos _besorolasu","Budapest","Budapest","Közép-magyarország",12247040,"Piarista Rend Magyar Tartománya","egyházi jogi személy","Piarista köz 1."
"Budapest","nem_hatranyos _besorolasu","Budapest","Budapest","Közép-magyarország",39011797,"Rákoscsabai Baptista Gyülekezet","egyházi jogi személy","Zrínyi utca 38."
"Budapest","nem_hatranyos _besorolasu","Budapest","Budapest","Közép-magyarország",39011325,"Rózsakerti Baptista Közösség","egyházi jogi személy","Dézsmaház utca 33."
"Budapest","nem_hatranyos _besorolasu","Budapest","Budapest","Közép-magyarország",10875040,"Segítő Szűz Mária Leányai Don Bosco Nővérek","egyházi jogi személy","Templom köz 1."
"Budapest","nem_hatranyos _besorolasu","Budapest","Budapest","Közép-magyarország",39012020,"Szalézi Intézmény Fenntartó","egyházi jogi személy","Bécsi út út 173."
"Budapest","nem_hatranyos _besorolasu","Budapest","Budapest","Közép-magyarország",10878040,"Szeretet Leányai Társulata","egyházi jogi személy","Ménesi utca 27."
"Budapest","nem_hatranyos _besorolasu","Budapest","Budapest","Közép-magyarország",12368040,"Szociális Missziótársulat","egyházi jogi személy","Krisztina körút 61/a"
"Békés","LHH","Békési","Békés","Dél-Alföld",10024040,"Református Egyházközség","egyházi jogi személy","Széchenyi tér 21."
"Békés","LHH","Békési","Békés","Dél-Alföld",39011529,"Reményhír Intézményfenntartó Központ","egyházi jogi személy","Verseny utca 7."
"Cegléd","nem_hatranyos _besorolasu","Ceglédi","Pest","Közép-magyarország",39012141,"Cegléd ‐ Nagytemplomi Református Egyházközség","egyházi jogi személy","Iskola utca 1."
"Celldömölk","nem_hatranyos _besorolasu","Celldömölki","Vas","Nyugat-Dunántúl",31800074,"Celldömölki Evangélikus Egyházközség","egyházi jogi személy","Ostffy M. tér 4."
"Csajág","nem_hatranyos _besorolasu","Balatonalmádi","Veszprém","Közép-Dunántúl",39010536,"Csajági Református Egyházközség","egyházi jogi személy","Szabadság utca 22"
"Csopak","nem_hatranyos _besorolasu","Balatonfüredi","Veszprém","Közép-Dunántúl",39011537,"Csopak-Paloznak Református Társegyházközség","egyházi jogi személy","Paloznaki utca 2."
"Csorna","nem_hatranyos _besorolasu","Csornai","Győr-Moson-Sopron","Nyugat-Dunántúl",12268040,"Csornai Premontrei Prépostság","egyházi jogi személy","Soproni út 65"
"Csákvár","nem_hatranyos _besorolasu","Bicskei","Fejér","Közép-Dunántúl",38700500,"Csákvári Református Egyházközség","egyházi jogi személy","Kálvin utca 9."
"Dad","nem_hatranyos _besorolasu","Oroszlányi","Komárom-Esztergom","Közép-Dunántúl",39011541,"Dadi Református Egyházközség","egyházi jogi személy","Fő utca 28."
"Debrecen","nem_hatranyos _besorolasu","Debreceni","Hajdú-Bihar","Észak-Alföld",39011766,"Debrecen-Bánki Református Egyházközség","egyházi jogi személy","Kerekes Ferenc utca 18."
"Debrecen","nem_hatranyos _besorolasu","Debreceni","Hajdú-Bihar","Észak-Alföld",39011952,"Debreceni Baptista Gyülekezet","egyházi jogi személy","Szappanos utca 23."
"Debrecen","nem_hatranyos _besorolasu","Debreceni","Hajdú-Bihar","Észak-Alföld",10461040,"Debrecen-Nyíregyházi Egyházmegye","egyházi jogi személy","Varga utca 4"
"Debrecen","nem_hatranyos _besorolasu","Debreceni","Hajdú-Bihar","Észak-Alföld",11207040,"Hajdúdorogi Metropolitai Egyház","egyházi jogi személy","Petőfi tér 8"
"Debrecen","nem_hatranyos _besorolasu","Debreceni","Hajdú-Bihar","Észak-Alföld",30900049,"Nagytemplomi Református Egyházközség","egyházi jogi személy","Piac utca 4-6."
"Debrecen","nem_hatranyos _besorolasu","Debreceni","Hajdú-Bihar","Észak-Alföld",11178040,"Tiszántúli Református Egyházkerület","egyházi jogi személy","Kálvin tér 17."
"Dombrád","HH","Kisvárdai","Szabolcs-Szatmár-Bereg","Észak-Alföld",11722040,"Dombrádi Református Egyházközség","egyházi jogi személy","Kossuth utca 25."
"Dunaszentgyörgy","nem_hatranyos _besorolasu","Paksi","Tolna","Dél-Dunántúl",39011178,"Tolnai Református Egyházmegye","egyházi jogi személy","Rákóczi utca 117."
"Dunavecse","HH","Kunszentmiklósi","Bács-Kiskun","Dél-Alföld",39010513,"Dunavecsei Református Egyházközség","egyházi jogi személy","Zrínyi utca 8."
"Eger","nem_hatranyos _besorolasu","Egri","Heves","Észak-Magyarország",10421040,"Egri Főegyházmegye","egyházi jogi személy","Széchenyi utca 1."
"Enying","HH","Enyingi","Fejér","Közép-Dunántúl",11741040,"Enyingi Református Egyházközség","egyházi jogi személy","Kossuth Lajos utca 48."
"Erdőhorváti","LHHK","Sárospataki","Borsod-Abaúj-Zemplén","Észak-Magyarország",39012112,"Erdőhorváti Református Egyházközség","egyházi jogi személy","Egres utca 24."
"Esztergom","nem_hatranyos _besorolasu","Esztergomi","Komárom-Esztergom","Közép-Dunántúl",39000901,"Szent Vincéről nevezett Szatmári Irgalmas Nővérek Társulata","egyházi jogi személy","Pázmány Péter utca 18"
"Fehérgyarmat","LHHK","Fehérgyarmati","Szabolcs-Szatmár-Bereg","Észak-Alföld",39011409,"Fehérgyarmati Református Egyházközség","egyházi jogi személy","Kossuth tér 29."
"Fót","nem_hatranyos _besorolasu","Dunakeszi","Pest","Közép-magyarország",12002040,"Fót-Központi Református Egyházközség","egyházi jogi személy","Károlyi I. utca 1."
"Gomba","nem_hatranyos _besorolasu","Monori","Pest","Közép-magyarország",39010394,"Gombai Református Egyházközség","egyházi jogi személy","Kossuth tér 1."
"Gyula","nem_hatranyos _besorolasu","Gyulai","Békés","Dél-Alföld",11234040,"Gyulai Református Egyházközség","egyházi jogi személy","Petőfi tér 4."
"Győr","nem_hatranyos _besorolasu","Győri","Győr-Moson-Sopron","Nyugat-Dunántúl",39010448,"A Szent Orsolya Rend Római Uniójának Magyar Orsolyita Közössége","egyházi jogi személy","Apáca utca 41."
"Győr","nem_hatranyos _besorolasu","Győri","Győr-Moson-Sopron","Nyugat-Dunántúl",10862040,"Győri Egyházmegyei Hatóság","egyházi jogi személy",""
"Győr","nem_hatranyos _besorolasu","Győri","Győr-Moson-Sopron","Nyugat-Dunántúl",10212000,"Győri Evangélikus Egyházközség","egyházi jogi személy","Petőfi tér 2."
"Győr","nem_hatranyos _besorolasu","Győri","Győr-Moson-Sopron","Nyugat-Dunántúl",39011601,"Szent Mór Bencés Perjelség","egyházi jogi személy","Széchenyi tér 9."
"Gárdony","nem_hatranyos _besorolasu","Gárdonyi","Fejér","Közép-Dunántúl",39012029,"Gárdonyi Református Egyházközség","egyházi jogi személy","Bóné Kálmán utca 8."
"Gödöllő","nem_hatranyos _besorolasu","Gödöllői","Pest","Közép-magyarország",10574040,"Gödöllői Premontrei Perjelség","egyházi jogi személy","Fácán sor 3."
"Gödöllő","nem_hatranyos _besorolasu","Gödöllői","Pest","Közép-magyarország",10626040,"Gödöllői Református Egyházközség","egyházi jogi személy","Szabadság tér 9"
"Göncruszka","LHHK","Abaúj-Hegyközi","Borsod-Abaúj-Zemplén","Észak-Magyarország",39011606,"Göncruszkai Református Egyházközség","egyházi jogi személy","Szabadság út 5"
"Hajdúböszörmény","HH","Hajdúböszörményi","Hajdú-Bihar","Észak-Alföld",30900248,"Bocskai téri Református Egyházközség","egyházi jogi személy","Újvárosi út 1."
"Hajdúböszörmény","HH","Hajdúböszörményi","Hajdú-Bihar","Észak-Alföld",39010696,"Hajdúböszörmény Kálvin Téri Református Egyházközség","egyházi jogi személy","Kálvin tér 19."
"Hajdúhadház","LHH","Hajdúhadházi","Hajdú-Bihar","Észak-Alföld",39011092,"Hajdúhadházi Református Egyházközség","egyházi jogi személy","Béke utca 2/a"
"Hajdúnánás","HH","Hajdúböszörményi","Hajdú-Bihar","Észak-Alföld",30900171,"Hajdúnánási Református Egyházközség","egyházi jogi személy","Kossuth utca 2."
"Halásztelek","nem_hatranyos _besorolasu","Ráckevei","Pest","Közép-magyarország",10752040,"Halásztelki Református Egyházközség","egyházi jogi személy","Kisgyár utca 16."
"Hódmezővásárhely","HH","Hódmezővásárhelyi","Csongrád","Dél-Alföld",39010850,"Hódmezővásárhelyi Evangélikus Egyházközség","egyházi jogi személy","Márton utca 1."
"Hódmezővásárhely","HH","Hódmezővásárhelyi","Csongrád","Dél-Alföld",39000714,"Hódmezővásárhelyi Újtemplomi Református Egyházközség","egyházi jogi személy","Kálvin tér 5."
"Hódmezővásárhely","HH","Hódmezővásárhelyi","Csongrád","Dél-Alföld",39011363,"Hódmezővásárhely-Ótemplomi Református Egyházközség","egyházi jogi személy","Zrínyi utca 5."
"Jászberény","HH","Jászberényi","Jász-Nagykun-Szolnok","Észak-Alföld",10273040,"Jászberényi Református Egyházközség","egyházi jogi személy","Thököly utca 15."
"Kalocsa","HH","Kalocsai","Bács-Kiskun","Dél-Alföld",10588040,"Kalocsa-Kecskeméti Főegyházmegye","egyházi jogi személy","Szentháromság tér 1."
"Kaposvár","HH","Kaposvári","Somogy","Dél-Dunántúl",12013040,"Kaposvári Egyházmegye","egyházi jogi személy","Zárda utca 4."
"Kaposvár","HH","Kaposvári","Somogy","Dél-Dunántúl",12541040,"Kaposvári Református Egyház","egyházi jogi személy","Kossuth L. utca 23."
"Karcag","HH","Karcagi","Jász-Nagykun-Szolnok","Észak-Alföld",10059040,"Karcagi Református Egyházközség","egyházi jogi személy","Kálvin utca 3."
"Karcag","HH","Karcagi","Jász-Nagykun-Szolnok","Észak-Alföld",11243040,"Mária Iskolatestvérek","egyházi jogi személy","Zádor út 3."
"Kecskemét","nem_hatranyos _besorolasu","Kecskeméti","Bács-Kiskun","Dél-Alföld",11866040,"Kecskeméti Református Egyházközség","egyházi jogi személy","Szabadság tér 7."
"Kiskunhalas","HH","Kiskunhalasi","Bács-Kiskun","Dél-Alföld",10017040,"Kiskunhalasi Református Egyházközség","egyházi jogi személy","Hősök tere 2."
"Kisvárda","HH","Kisvárdai","Szabolcs-Szatmár-Bereg","Észak-Alföld",10554040,"Kisvárdai Református Egyházközség","egyházi jogi személy","Flórián tér 17."
"Kisújszállás","HH","Karcagi","Jász-Nagykun-Szolnok","Észak-Alföld",11388040,"Kisújszállási Református Egyházközség","egyházi jogi személy","Kálvin utca 1."
"Kocs","nem_hatranyos _besorolasu","Tatai","Komárom-Esztergom","Közép-Dunántúl",39011545,"Kocsi Református Egyházközség","egyházi jogi személy","Kis utca 14."
"Komádi","LHHK","Berettyóújfalui","Hajdú-Bihar","Észak-Alföld",39012103,"Komádi Református Egyházközség","egyházi jogi személy","Dózsa György utca 3"
"Kunhegyes","LHHK","Tiszafüredi","Jász-Nagykun-Szolnok","Észak-Alföld",39010528,"Kunhegyesi Református Egyházközség","egyházi jogi személy","Szabadság tér 13."
"Kunszentmiklós","HH","Kunszentmiklósi","Bács-Kiskun","Dél-Alföld",11785040,"Kunszentmiklósi Református Egyházközség","egyházi jogi személy","Kálvin tér 3."
"Kőszeg","nem_hatranyos _besorolasu","Kőszegi","Vas","Nyugat-Dunántúl",10122040,"Árpád-házi Szent Margitról nevezett Szent Domonkos Rendi Nővérek Apostoli Kongregációja","egyházi jogi személy","Bajcsy-Zsilinszky utca 16."
"Litér","nem_hatranyos _besorolasu","Balatonalmádi","Veszprém","Közép-Dunántúl",39011525,"Litéri Református Egyházközség","egyházi jogi személy","Dózsa György utca 47."
"Lovasberény","nem_hatranyos _besorolasu","Székesfehérvári","Fejér","Közép-Dunántúl",39011562,"Lovasberényi Református Egyházközség","egyházi jogi személy","Kossuth utca 84."
"Majosháza","nem_hatranyos _besorolasu","Ráckevei","Pest","Közép-magyarország",11521040,"Majosházi Református Egyházközösség","egyházi jogi személy","Kossuth utca 22."
"Makó","HH","Makói","Csongrád","Dél-Alföld",39000791,"Makó-Belvárosi Református Egyházközség","egyházi jogi személy","Kálvin tér 3"
"Makó","HH","Makói","Csongrád","Dél-Alföld",38985752,"Makó-Újvárosi Református Egyházközség","egyházi jogi személy","Szikszai utca 2."
"Malomsok","nem_hatranyos _besorolasu","Pápai","Veszprém","Közép-Dunántúl",39011068,"Malomsoki Evangélikus Egyházközség","egyházi jogi személy","Kossuth Lajos utca 16."
"Mezőberény","LHH","Békési","Békés","Dél-Alföld",39012089,"Mezőberényi Református Egyházközség","egyházi jogi személy","Kálvin János tér 9"
"Mezőcsát","LHHK","Mezőcsáti","Borsod-Abaúj-Zemplén","Észak-Magyarország",11634040,"Mezőcsáti Református Egyházközség","egyházi jogi személy","Hősök tere 8."
"Mezőtúr","HH","Mezőtúri","Jász-Nagykun-Szolnok","Észak-Alföld",10377040,"Mezőtúri Református Egyházközség","egyházi jogi személy","Petőfi utca 2."
"Miskolc","nem_hatranyos _besorolasu","Miskolci","Borsod-Abaúj-Zemplén","Észak-Magyarország",11967040,"Konventuális Ferences Minorita Rend","egyházi jogi személy","Hősök tere 5."
"Miskolc","nem_hatranyos _besorolasu","Miskolci","Borsod-Abaúj-Zemplén","Észak-Magyarország",39011399,"Miskolc Felsővárosi Református Egyházközség","egyházi jogi személy","Balázs Győző tér 1."
"Miskolc","nem_hatranyos _besorolasu","Miskolci","Borsod-Abaúj-Zemplén","Észak-Magyarország",39000618,"Miskolci Egyházmegye","egyházi jogi személy","Szeles utca 59."
"Miskolc","nem_hatranyos _besorolasu","Miskolci","Borsod-Abaúj-Zemplén","Észak-Magyarország",39000711,"Miskolc-Tetemvári Református Egyházközség","egyházi jogi személy","Palóczy L. utca 21."
"Miskolc","nem_hatranyos _besorolasu","Miskolci","Borsod-Abaúj-Zemplén","Észak-Magyarország",39011398,"Nyitott Ajtó Baptista Gyülekezet","egyházi jogi személy","Béke utca 6."
"Miskolc","nem_hatranyos _besorolasu","Miskolci","Borsod-Abaúj-Zemplén","Észak-Magyarország",11682040,"Tiszáninneni Református Egyházkerület","egyházi jogi személy","Kossuth utca 17."
"Mátészalka","LHHK","Mátészalkai","Szabolcs-Szatmár-Bereg","Észak-Alföld",39000895,"Mátészalka Kossuth téri Református Egyházközség","egyházi jogi személy","Kossuth tér 1."
"Nagybajom","LHHK","Kadarkúti","Somogy","Dél-Dunántúl",39010642,"Nagybajomi Református Egyházközség","egyházi jogi személy","Fő utca 69"
"Nagyecsed","LHHK","Mátészalkai","Szabolcs-Szatmár-Bereg","Észak-Alföld",39010898,"Nagyecsedi Református Egyházközség","egyházi jogi személy","Rákóczi utca 77."
"Nagyhalász","LHH","Ibrány-Nagyhalászi","Szabolcs-Szatmár-Bereg","Észak-Alföld",39011546,"Nagyhalászi Református Egyházközség","egyházi jogi személy","Petőfi út 2."
"Nagykőrös","nem_hatranyos _besorolasu","Ceglédi","Pest","Közép-magyarország",11643040,"Nagykőrösi Református Egyházközség","egyházi jogi személy","Szolnoki út 5."
"Nagytarcsa","nem_hatranyos _besorolasu","Gödöllői","Pest","Közép-magyarország",12417040,"Nagytarcsai Evangélikus Egyházközség","egyházi jogi személy","Sztehlo Gábor utca 1."
"Nemesgörzsöny","nem_hatranyos _besorolasu","Pápai","Veszprém","Közép-Dunántúl",39010851,"Nemesgörzsönyi Református Egyházközség","egyházi jogi személy","Rózsa Ferenc utca 18."
"Nyírbogdány","LHH","Ibrány-Nagyhalászi","Szabolcs-Szatmár-Bereg","Észak-Alföld",39011420,"Nyírbogdányi Református Egyházközség","egyházi jogi személy","Kéki út 6."
"Nyírbátor","LHHK","Nyírbátori","Szabolcs-Szatmár-Bereg","Észak-Alföld",39011527,"Nyírbátori Református Egyházközség","egyházi jogi személy","Egyház utca 1."
"Nyíregyháza","nem_hatranyos _besorolasu","Nyíregyházai","Szabolcs-Szatmár-Bereg","Észak-Alföld",39011836,"Gondoskodó Szeretet Szociális-Oktatási Szolgáltató Központ","egyházi jogi személy","Bocskai u. út 49."
"Nyíregyháza","nem_hatranyos _besorolasu","Nyíregyházai","Szabolcs-Szatmár-Bereg","Észak-Alföld",10458040,"Nyíregyháza Városi Református Egyházközség","egyházi jogi személy","Kálvin tér 11."
"Nyíregyháza","nem_hatranyos _besorolasu","Nyíregyházai","Szabolcs-Szatmár-Bereg","Észak-Alföld",39012080,"Nyíregyházi Egyházmegye","egyházi jogi személy","Bethlen Gábor utca 5"
"Nyíregyháza","nem_hatranyos _besorolasu","Nyíregyházai","Szabolcs-Szatmár-Bereg","Észak-Alföld",12112040,"Nyíregyházi Evangélikus Egyházközség","egyházi jogi személy","Luther tér 14."
"Orosháza","HH","Orosházai","Békés","Dél-Alföld",11958040,"Orosházi Evangélikus Egyházközség","egyházi jogi személy","Thék Endre utca 2."
"Orosháza","HH","Orosházai","Békés","Dél-Alföld",39010012,"Orosházi Református Egyházközség","egyházi jogi személy","Könd utca 5."
"Pannonhalma","nem_hatranyos _besorolasu","Pannonhalmai","Győr-Moson-Sopron","Nyugat-Dunántúl",11408010,"Magyar Bencés Kongregáció Pannonhalmi Főapátság","egyházi jogi személy",""
"Papkeszi","nem_hatranyos _besorolasu","Veszprémi","Veszprém","Közép-Dunántúl",39011062,"Papkeszi Református Egyházközség","egyházi jogi személy","Fő utca 20."
"Petneháza","LHHK","Baktalórántházai","Szabolcs-Szatmár-Bereg","Észak-Alföld",39012097,"Magyar Pünkösdi Egyház Kelet Humán Szolgálat","egyházi jogi személy","Petőfi út 42."
"Pilis","nem_hatranyos _besorolasu","Monori","Pest","Közép-magyarország",39012018,"Pilisi Református Egyházközség","egyházi jogi személy","Rákóczi út 30"
"Pápa","nem_hatranyos _besorolasu","Pápai","Veszprém","Közép-Dunántúl",12180040,"Dunántúli Református Egyházkerület","egyházi jogi személy","Árok utca 6."
"Pápa","nem_hatranyos _besorolasu","Pápai","Veszprém","Közép-Dunántúl",39000715,"Pápai Evangélikus Egyházközség","egyházi jogi személy","Széchenyi utca 15."
"Pátka","nem_hatranyos _besorolasu","Székesfehérvári","Fejér","Közép-Dunántúl",39012107,"Pátkai Református Egyházközség","egyházi jogi személy","Kossuth Lajos utca 58."
"Pécel","nem_hatranyos _besorolasu","Gödöllői","Pest","Közép-magyarország",39011576,"Hetednapi Adventista Egyház","egyházi jogi személy","Ráday utca 12."
"Pécel","nem_hatranyos _besorolasu","Gödöllői","Pest","Közép-magyarország",39010140,"Péceli Református Egyházközség","egyházi jogi személy","Kálvin tér 2."
"Pécs","nem_hatranyos _besorolasu","Pécsi","Baranya","Dél-Dunántúl",10154040,"Baranyai Református Egyházmegye","egyházi jogi személy","Szabadság utca 35."
"Pécs","nem_hatranyos _besorolasu","Pécsi","Baranya","Dél-Dunántúl",11561040,"Magyar Katolikus Egyház Pécsi Egyházmegye","egyházi jogi személy","Dóm tér 2."
"Pécs","nem_hatranyos _besorolasu","Pécsi","Baranya","Dél-Dunántúl",39012199,"Pécsi Baptista Gyülekezet","egyházi jogi személy","Bokor utca 52."
"Pécs","nem_hatranyos _besorolasu","Pécsi","Baranya","Dél-Dunántúl",39012202,"Pécsi Evangélikus Egyházközség","egyházi jogi személy","Dischka Győző utca 4-6."
"Pécs","nem_hatranyos _besorolasu","Pécsi","Baranya","Dél-Dunántúl",39010535,"Pécsi Püspöki Hittudományi Főiskola","egyházi felsőoktatási intézmény","Hunyadi János utca 11."
"Püspökladány","LHH","Püspökladányi","Hajdú-Bihar","Észak-Alföld",39011383,"Püspökladányi Református Egyházközség","egyházi jogi személy","Kálvin tér 1-3."
"Siklós","HH","Siklósi","Baranya","Dél-Dunántúl",12470040,"Siklós-Máriagyüd Református-Társegyházközség","egyházi jogi személy","Kálvin utca 18."
"Soltvadkert","HH","Kiskőrösi","Bács-Kiskun","Dél-Alföld",12523040,"Soltvadkerti Evangélikus Egyházközség","egyházi jogi személy","Dr. Graetzer István utca 1."
"Somogyvámos","LHHK","Lengyeltóti","Somogy","Dél-Dunántúl",39011236,"Magyarországi Krisna-Tudatú Hívők Közössége Krisna-völgy, IKKB","egyházi jogi személy","Fő utca 38."
"Sopron","nem_hatranyos _besorolasu","Sopron-Fertődi","Győr-Moson-Sopron","Nyugat-Dunántúl",10084040,"Soproni Evangélikus Egyházközség","egyházi jogi személy","Színház utca 27."
"Szeged","nem_hatranyos _besorolasu","Szegedi","Csongrád","Dél-Alföld",39011786,"Gál Ferenc Főiskola","egyházi felsőoktatási intézmény","Dóm tér 6."
"Szeged","nem_hatranyos _besorolasu","Szegedi","Csongrád","Dél-Alföld",12356040,"Szeged Kálvin Téri Református Egyházközség","egyházi jogi személy","Kálvin tér 2."
"Szeged","nem_hatranyos _besorolasu","Szegedi","Csongrád","Dél-Alföld",10091040,"Szeged-Csanádi Egyházmegye","egyházi jogi személy","Aradi vértanúk tere 2."
"Szendrő","LHHK","Edelényi","Borsod-Abaúj-Zemplén","Észak-Magyarország",39011758,"Szendrői Református Egyházközség","egyházi jogi személy","Fő utca 2"
"Szentendre","nem_hatranyos _besorolasu","Szentendrei","Pest","Közép-magyarország",39012074,"Szentendrei Evangélikus Egyházközség","egyházi jogi személy","Bükkös part 2."
"Szentendre","nem_hatranyos _besorolasu","Szentendrei","Pest","Közép-magyarország",12011040,"Szentendrei Református Egyházközség","egyházi jogi személy","Rákóczi Ferenc utca 14."
"Szentes","HH","Szentesi","Csongrád","Dél-Alföld",39000771,"Szentes Nagytemplomi Református Egyházközség","egyházi jogi személy","Kiss Bálint utca 2."
"Szentmártonkáta","nem_hatranyos _besorolasu","Nagykátai","Pest","Közép-magyarország",39010740,"Szentmártonkátai Református Egyházközség","egyházi jogi személy","Rákóczi út 1."
"Szombathely","nem_hatranyos _besorolasu","Szombathelyi","Vas","Nyugat-Dunántúl",11058000,"Szombathelyi Egyházmegye","egyházi jogi személy","Berzsenyi tér 3"
"Szombathely","nem_hatranyos _besorolasu","Szombathelyi","Vas","Nyugat-Dunántúl",39010831,"Szombathelyi Evangélikus Egyházközség","egyházi jogi személy","Körmendi utca 2."
"Székesfehérvár","nem_hatranyos _besorolasu","Székesfehérvári","Fejér","Közép-Dunántúl",11918040,"Székesfehérvár Református Egyházközség","egyházi jogi személy","Széchenyi utca 16."
"Székesfehérvár","nem_hatranyos _besorolasu","Székesfehérvári","Fejér","Közép-Dunántúl",30700012,"Székesfehérvári Egyházmegye","egyházi jogi személy","Városház tér 5."
"Szólád","nem_hatranyos _besorolasu","Balatonföldvári","Somogy","Dél-Dunántúl",39012116,"Szóládi Református Egyházközség","egyházi jogi személy","Kossuth Lajos utca 43."
"Tab","LHH","Tabi","Somogy","Dél-Dunántúl",10074040,"Somogyi Református Egyházmegye","egyházi jogi személy","Kossuth Lajos utca 39."
"Tabajd","nem_hatranyos _besorolasu","Bicskei","Fejér","Közép-Dunántúl",39010892,"Református Egyházközösség Tabajd","egyházi jogi személy","Kossuth utca 18."
"Tata","nem_hatranyos _besorolasu","Tatai","Komárom-Esztergom","Közép-Dunántúl",39010201,"Tatai Református Egyházközség","egyházi jogi személy","Kocsi utca 15."
"Tihany","nem_hatranyos _besorolasu","Balatonfüredi","Veszprém","Közép-Dunántúl",39011523,"Tihanyi Bencés Apátság","egyházi jogi személy","I. András tér 1."
"Tiszafüred","LHHK","Tiszafüredi","Jász-Nagykun-Szolnok","Észak-Alföld",10149040,"Tiszafüredi Református Egyházközség","egyházi jogi személy","Fő utca 5."
"Tiszakeszi","LHHK","Mezőcsáti","Borsod-Abaúj-Zemplén","Észak-Magyarország",39000697,"Tiszakeszi Református Egyházközség","egyházi jogi személy","Szabadság utca 2."
"Tiszakécske","nem_hatranyos _besorolasu","Kecskeméti","Bács-Kiskun","Dél-Alföld",11637040,"Tiszakécskei Református Egyházközösség","egyházi jogi személy","Templom tér 2."
"Tiszaújváros","nem_hatranyos _besorolasu","Tiszaújvárosi","Borsod-Abaúj-Zemplén","Észak-Magyarország",39011549,"Tiszaújvárosi Református Egyházközség","egyházi jogi személy","Lévay József út 60."
"Tornyospálca","HH","Kisvárdai","Szabolcs-Szatmár-Bereg","Észak-Alföld",39012021,"Tornyospálcai Református Egyházközség","egyházi jogi személy","Árpád tér 4"
"Tápiószele","nem_hatranyos _besorolasu","Nagykátai","Pest","Közép-magyarország",39011578,"Tápiószele-Tápiószőlős-Újszilvás és Farmosi Református Egyházközség","egyházi jogi személy","Széchenyi út 19."
"Tótkomlós","HH","Orosházai","Békés","Dél-Alföld",11273040,"Tótkomlósi Evangélikus Egyházközség","egyházi jogi személy","Luther utca 1."
"Törökszentmiklós","HH","Törökszentmiklósi","Jász-Nagykun-Szolnok","Észak-Alföld",11224040,"Törökszentmiklósi Református Egyházközség","egyházi jogi személy","Kossuth Lajos utca 114."
"Túrkeve","HH","Mezőtúri","Jász-Nagykun-Szolnok","Észak-Alföld",11611040,"Túrkevei Református Egyházközség","egyházi jogi személy","Kossuth utca 1."
"Vecsés","nem_hatranyos _besorolasu","Monori","Pest","Közép-magyarország",39010031,"Vecsési Református Egyházközség","egyházi jogi személy","Árpád utca 6."
"Veresegyház","nem_hatranyos _besorolasu","Veresegyházi","Pest","Közép-magyarország",39010787,"Veresegyházi Református Egyházközség","egyházi jogi személy","Kálvin tér 2."
"Verőce","nem_hatranyos _besorolasu","Váci","Pest","Közép-magyarország",39010386,"Verőcei Református Egyházközség","egyházi jogi személy","Rákóczi utca 43."
"Veszprém","nem_hatranyos _besorolasu","Veszprémi","Veszprém","Közép-Dunántúl",11859040,"Veszprémi Érsekség","egyházi jogi személy","Vár utca 18."
"Veszprém","nem_hatranyos _besorolasu","Veszprémi","Veszprém","Közép-Dunántúl",39012142,"Veszprémi Evangélikus Egyházközség","egyházi jogi személy","Kossuth Lajos utca 4."
"Vác","nem_hatranyos _besorolasu","Váci","Pest","Közép-magyarország",39011548,"Vác-Felsővárosi Református Egyházközség","egyházi jogi személy","Dózsa György út 54."
"Vác","nem_hatranyos _besorolasu","Váci","Pest","Közép-magyarország",10563040,"Váci Egyházmegye Ordináriusa","egyházi jogi személy","Migazzi Kristóf tér 1."
"Vác","nem_hatranyos _besorolasu","Váci","Pest","Közép-magyarország",11404040,"Váci Evangélikus Egyházközség","egyházi jogi személy","Eötvös utca 1."
"Váchartyán","nem_hatranyos _besorolasu","Váci","Pest","Közép-magyarország",39011750,"Váchartyáni Református Missziói Egyházközség","egyházi jogi személy","Fő út 65"
"Várpalota","nem_hatranyos _besorolasu","Várpalotai","Veszprém","Közép-Dunántúl",10946040,"Várpalotai Evangélikus Egyházközség","egyházi jogi személy","Thury György tér 1."
"Vésztő","LHH","Szeghalomi","Békés","Dél-Alföld",10411040,"Református Egyházközség","egyházi jogi személy","Bartók B. tér 6"
"Zalaegerszeg","nem_hatranyos _besorolasu","Zalaegerszegi","Zala","Nyugat-Dunántúl",11514040,"Notre Dame Női Kanonok- és Tanítórend","egyházi jogi személy","Zárda utca 25."
"Zirc","nem_hatranyos _besorolasu","Zirci","Veszprém","Közép-Dunántúl",12248040,"Zirci Ciszterci Apátság","egyházi jogi személy","Rákóczi tér 1."
"Zsadány","LHHK","Sarkadi","Békés","Dél-Alföld",39011553,"Zsadányi Református Egyházközség","egyházi jogi személy","Béke út 100."
"Zsámbék","nem_hatranyos _besorolasu","Pilisvörösvári","Pest","Közép-magyarország",12250040,"Premontrei Női Kanonokrend","egyházi jogi személy","Petőfi Sándor utca 13."
"Zsámbék","nem_hatranyos _besorolasu","Pilisvörösvári","Pest","Közép-magyarország",39011367,"Zsámbéki Református Egyházközség","egyházi jogi személy","Petőfi Sándor utca 23."
"Ócsa","nem_hatranyos _besorolasu","Gyáli","Pest","Közép-magyarország",39012016,"Ócsai Baptista Gyülekezet","egyházi jogi személy","Kiss Ernő utca 14"
"Újfehértó","HH","Nagykállói","Szabolcs-Szatmár-Bereg","Észak-Alföld",39011528,"Újfehértói Református Egyházközség","egyházi jogi személy","Petőfi Sándor utca 30."
